{
  "2CH": 0.5792084017204946,
  "4CH": 0.7157034251180916,
  "SAX": 0.5622568377098406,
  "RAS": 0.7985557614143082,
  "mean": 0.6639311064906837
}
