epoch,train_loss,val_loss,mean_val_dice,lr,time_s,dice_2ch,dice_4ch,dice_sax
2,0.057006019950947825,0.13374361771095933,0.861626432182272,1e-05,5318.959579944611,0.8755848776536299,0.8846609424725431,0.8246334764206429
3,0.05515808015647862,0.1352920690922649,0.8612209566686125,1e-05,3182.011589050293,0.8745090466389541,0.8848533878252678,0.8243004355416156
